system,trial,dG_sol(kcal/mol),error_sol,dG_com(kcal/mol),error_com,dG_release(kcal/mol),ddG(kcal/mol),error
ejm31,t01,-232.12417630479004,0.08027336432360468,-210.70512594509032,0.21780222445666705,-10.9801,-10.438950359699724,0.23212415212145104
ejm55,t01,-162.53902710680487,0.08596304538287142,-142.93844009480702,0.19916529177627795,-11.057,-8.543587011997845,0.21692500690290997
