system,trial,dG_vac(kcal/mol),error_vac,dG_sol(kcal/mol),error_sol,ddG(kcal/mol),error
ejm31,t01,-251.83461090199967,0.023931297020075626,-232.12417630479004,0.08027336432360468,-19.710434597209627,0.08376467033835476
ejm55,t01,-184.8888212177005,0.029493811722021545,-162.53902710680487,0.08596304538287142,-22.34979411089563,0.09088195696281891
