ligA,ligB,trial,dG_com(kcal/mol),error_com,dG_sol(kcal/mol),error_sol,ddG(kcal/mol),error
ejm31,ejm55,t01,25.610794512387944,0.028787908754605063,25.623339644139985,0.028470925255471083,-0.012545131752041527,0.04048873022664563
