ligA,ligB,trial,dG_sol(kcal/mol),error_sol,dG_vac(kcal/mol),error_vac,ddG(kcal/mol),error
ejm31,ejm55,t01,25.623339644139985,0.028470925255471083,28.428588506973874,0.022512910782747524,-2.8052488628338885,0.036296346053212726
